career,skill,importance,minimum_level
Software Developer,AWS,1,0
Software Developer,Business Analysis,1,0
Software Developer,C++,4,2
Software Developer,CSS,1,0
Software Developer,Communication,1,0
Software Developer,Cybersecurity,1,0
Software Developer,DSA,4,2
Software Developer,Database Management,1,0
Software Developer,Docker,1,0
Software Developer,Excel,1,0
Software Developer,Figma,1,0
Software Developer,Git,4,2
Software Developer,HTML,1,0
Software Developer,Java,5,2
Software Developer,JavaScript,1,0
Software Developer,Kubernetes,1,0
Software Developer,Linux,1,0
Software Developer,Machine Learning,1,0
Software Developer,MySQL,1,0
Software Developer,Networking,1,0
Software Developer,Node.js,1,0
Software Developer,NumPy,1,0
Software Developer,Oracle,1,0
Software Developer,Pandas,1,0
Software Developer,Power BI,1,0
Software Developer,Python,5,2
Software Developer,React,1,0
Software Developer,SQL,4,2
Software Developer,Selenium,1,0
Software Developer,Statistics,1,0
Software Developer,TensorFlow,1,0
Software Developer,Testing,1,0
Software Developer,UI/UX,1,0
Web Developer,AWS,1,0
Web Developer,Business Analysis,1,0
Web Developer,C++,1,0
Web Developer,CSS,5,2
Web Developer,Communication,1,0
Web Developer,Cybersecurity,1,0
Web Developer,DSA,1,0
Web Developer,Database Management,1,0
Web Developer,Docker,1,0
Web Developer,Excel,1,0
Web Developer,Figma,1,0
Web Developer,Git,4,2
Web Developer,HTML,5,2
Web Developer,Java,1,0
Web Developer,JavaScript,4,2
Web Developer,Kubernetes,1,0
Web Developer,Linux,1,0
Web Developer,Machine Learning,1,0
Web Developer,MySQL,1,0
Web Developer,Networking,1,0
Web Developer,Node.js,4,2
Web Developer,NumPy,1,0
Web Developer,Oracle,1,0
Web Developer,Pandas,1,0
Web Developer,Power BI,1,0
Web Developer,Python,1,0
Web Developer,React,4,2
Web Developer,SQL,1,0
Web Developer,Selenium,1,0
Web Developer,Statistics,1,0
Web Developer,TensorFlow,1,0
Web Developer,Testing,1,0
Web Developer,UI/UX,1,0
Data Analyst,AWS,1,0
Data Analyst,Business Analysis,1,0
Data Analyst,C++,1,0
Data Analyst,CSS,1,0
Data Analyst,Communication,1,0
Data Analyst,Cybersecurity,1,0
Data Analyst,DSA,1,0
Data Analyst,Database Management,1,0
Data Analyst,Docker,1,0
Data Analyst,Excel,4,2
Data Analyst,Figma,1,0
Data Analyst,Git,1,0
Data Analyst,HTML,1,0
Data Analyst,Java,1,0
Data Analyst,JavaScript,1,0
Data Analyst,Kubernetes,1,0
Data Analyst,Linux,1,0
Data Analyst,Machine Learning,1,0
Data Analyst,MySQL,1,0
Data Analyst,Networking,1,0
Data Analyst,Node.js,1,0
Data Analyst,NumPy,1,0
Data Analyst,Oracle,1,0
Data Analyst,Pandas,4,2
Data Analyst,Power BI,4,2
Data Analyst,Python,5,2
Data Analyst,React,1,0
Data Analyst,SQL,5,2
Data Analyst,Selenium,1,0
Data Analyst,Statistics,4,2
Data Analyst,TensorFlow,1,0
Data Analyst,Testing,1,0
Data Analyst,UI/UX,1,0
Data Scientist,AWS,1,0
Data Scientist,Business Analysis,1,0
Data Scientist,C++,1,0
Data Scientist,CSS,1,0
Data Scientist,Communication,1,0
Data Scientist,Cybersecurity,1,0
Data Scientist,DSA,1,0
Data Scientist,Database Management,1,0
Data Scientist,Docker,1,0
Data Scientist,Excel,1,0
Data Scientist,Figma,1,0
Data Scientist,Git,1,0
Data Scientist,HTML,1,0
Data Scientist,Java,1,0
Data Scientist,JavaScript,1,0
Data Scientist,Kubernetes,1,0
Data Scientist,Linux,1,0
Data Scientist,Machine Learning,4,2
Data Scientist,MySQL,1,0
Data Scientist,Networking,1,0
Data Scientist,Node.js,1,0
Data Scientist,NumPy,4,2
Data Scientist,Oracle,1,0
Data Scientist,Pandas,4,2
Data Scientist,Power BI,1,0
Data Scientist,Python,5,2
Data Scientist,React,1,0
Data Scientist,SQL,5,2
Data Scientist,Selenium,1,0
Data Scientist,Statistics,4,2
Data Scientist,TensorFlow,1,0
Data Scientist,Testing,1,0
Data Scientist,UI/UX,1,0
ML Engineer,AWS,1,0
ML Engineer,Business Analysis,1,0
ML Engineer,C++,1,0
ML Engineer,CSS,1,0
ML Engineer,Communication,1,0
ML Engineer,Cybersecurity,1,0
ML Engineer,DSA,1,0
ML Engineer,Database Management,1,0
ML Engineer,Docker,1,0
ML Engineer,Excel,1,0
ML Engineer,Figma,1,0
ML Engineer,Git,4,2
ML Engineer,HTML,1,0
ML Engineer,Java,1,0
ML Engineer,JavaScript,1,0
ML Engineer,Kubernetes,1,0
ML Engineer,Linux,1,0
ML Engineer,Machine Learning,5,2
ML Engineer,MySQL,1,0
ML Engineer,Networking,1,0
ML Engineer,Node.js,1,0
ML Engineer,NumPy,1,0
ML Engineer,Oracle,1,0
ML Engineer,Pandas,1,0
ML Engineer,Power BI,1,0
ML Engineer,Python,5,2
ML Engineer,React,1,0
ML Engineer,SQL,4,2
ML Engineer,Selenium,1,0
ML Engineer,Statistics,4,2
ML Engineer,TensorFlow,4,2
ML Engineer,Testing,1,0
ML Engineer,UI/UX,1,0
Cybersecurity Analyst,AWS,1,0
Cybersecurity Analyst,Business Analysis,1,0
Cybersecurity Analyst,C++,1,0
Cybersecurity Analyst,CSS,1,0
Cybersecurity Analyst,Communication,1,0
Cybersecurity Analyst,Cybersecurity,4,2
Cybersecurity Analyst,DSA,1,0
Cybersecurity Analyst,Database Management,1,0
Cybersecurity Analyst,Docker,1,0
Cybersecurity Analyst,Excel,1,0
Cybersecurity Analyst,Figma,1,0
Cybersecurity Analyst,Git,4,2
Cybersecurity Analyst,HTML,1,0
Cybersecurity Analyst,Java,1,0
Cybersecurity Analyst,JavaScript,1,0
Cybersecurity Analyst,Kubernetes,1,0
Cybersecurity Analyst,Linux,5,2
Cybersecurity Analyst,Machine Learning,1,0
Cybersecurity Analyst,MySQL,1,0
Cybersecurity Analyst,Networking,4,2
Cybersecurity Analyst,Node.js,1,0
Cybersecurity Analyst,NumPy,1,0
Cybersecurity Analyst,Oracle,1,0
Cybersecurity Analyst,Pandas,1,0
Cybersecurity Analyst,Power BI,1,0
Cybersecurity Analyst,Python,5,2
Cybersecurity Analyst,React,1,0
Cybersecurity Analyst,SQL,4,2
Cybersecurity Analyst,Selenium,1,0
Cybersecurity Analyst,Statistics,1,0
Cybersecurity Analyst,TensorFlow,1,0
Cybersecurity Analyst,Testing,1,0
Cybersecurity Analyst,UI/UX,1,0
Cloud Engineer,AWS,5,2
Cloud Engineer,Business Analysis,1,0
Cloud Engineer,C++,1,0
Cloud Engineer,CSS,1,0
Cloud Engineer,Communication,1,0
Cloud Engineer,Cybersecurity,1,0
Cloud Engineer,DSA,1,0
Cloud Engineer,Database Management,1,0
Cloud Engineer,Docker,4,2
Cloud Engineer,Excel,1,0
Cloud Engineer,Figma,1,0
Cloud Engineer,Git,4,2
Cloud Engineer,HTML,1,0
Cloud Engineer,Java,1,0
Cloud Engineer,JavaScript,1,0
Cloud Engineer,Kubernetes,1,0
Cloud Engineer,Linux,5,2
Cloud Engineer,Machine Learning,1,0
Cloud Engineer,MySQL,1,0
Cloud Engineer,Networking,4,2
Cloud Engineer,Node.js,1,0
Cloud Engineer,NumPy,1,0
Cloud Engineer,Oracle,1,0
Cloud Engineer,Pandas,1,0
Cloud Engineer,Power BI,1,0
Cloud Engineer,Python,4,2
Cloud Engineer,React,1,0
Cloud Engineer,SQL,1,0
Cloud Engineer,Selenium,1,0
Cloud Engineer,Statistics,1,0
Cloud Engineer,TensorFlow,1,0
Cloud Engineer,Testing,1,0
Cloud Engineer,UI/UX,1,0
DevOps Engineer,AWS,4,2
DevOps Engineer,Business Analysis,1,0
DevOps Engineer,C++,1,0
DevOps Engineer,CSS,1,0
DevOps Engineer,Communication,1,0
DevOps Engineer,Cybersecurity,1,0
DevOps Engineer,DSA,1,0
DevOps Engineer,Database Management,1,0
DevOps Engineer,Docker,5,2
DevOps Engineer,Excel,1,0
DevOps Engineer,Figma,1,0
DevOps Engineer,Git,4,2
DevOps Engineer,HTML,1,0
DevOps Engineer,Java,1,0
DevOps Engineer,JavaScript,1,0
DevOps Engineer,Kubernetes,4,2
DevOps Engineer,Linux,5,2
DevOps Engineer,Machine Learning,1,0
DevOps Engineer,MySQL,1,0
DevOps Engineer,Networking,1,0
DevOps Engineer,Node.js,1,0
DevOps Engineer,NumPy,1,0
DevOps Engineer,Oracle,1,0
DevOps Engineer,Pandas,1,0
DevOps Engineer,Power BI,1,0
DevOps Engineer,Python,4,2
DevOps Engineer,React,1,0
DevOps Engineer,SQL,1,0
DevOps Engineer,Selenium,1,0
DevOps Engineer,Statistics,1,0
DevOps Engineer,TensorFlow,1,0
DevOps Engineer,Testing,1,0
DevOps Engineer,UI/UX,1,0
UI/UX Designer,AWS,1,0
UI/UX Designer,Business Analysis,1,0
UI/UX Designer,C++,1,0
UI/UX Designer,CSS,4,2
UI/UX Designer,Communication,4,2
UI/UX Designer,Cybersecurity,1,0
UI/UX Designer,DSA,1,0
UI/UX Designer,Database Management,1,0
UI/UX Designer,Docker,1,0
UI/UX Designer,Excel,1,0
UI/UX Designer,Figma,5,2
UI/UX Designer,Git,1,0
UI/UX Designer,HTML,4,2
UI/UX Designer,Java,1,0
UI/UX Designer,JavaScript,4,2
UI/UX Designer,Kubernetes,1,0
UI/UX Designer,Linux,1,0
UI/UX Designer,Machine Learning,1,0
UI/UX Designer,MySQL,1,0
UI/UX Designer,Networking,1,0
UI/UX Designer,Node.js,1,0
UI/UX Designer,NumPy,1,0
UI/UX Designer,Oracle,1,0
UI/UX Designer,Pandas,1,0
UI/UX Designer,Power BI,1,0
UI/UX Designer,Python,1,0
UI/UX Designer,React,1,0
UI/UX Designer,SQL,1,0
UI/UX Designer,Selenium,1,0
UI/UX Designer,Statistics,1,0
UI/UX Designer,TensorFlow,1,0
UI/UX Designer,Testing,1,0
UI/UX Designer,UI/UX,5,2
Database Administrator,AWS,1,0
Database Administrator,Business Analysis,1,0
Database Administrator,C++,1,0
Database Administrator,CSS,1,0
Database Administrator,Communication,1,0
Database Administrator,Cybersecurity,1,0
Database Administrator,DSA,1,0
Database Administrator,Database Management,4,2
Database Administrator,Docker,1,0
Database Administrator,Excel,1,0
Database Administrator,Figma,1,0
Database Administrator,Git,1,0
Database Administrator,HTML,1,0
Database Administrator,Java,1,0
Database Administrator,JavaScript,1,0
Database Administrator,Kubernetes,1,0
Database Administrator,Linux,4,2
Database Administrator,Machine Learning,1,0
Database Administrator,MySQL,5,2
Database Administrator,Networking,1,0
Database Administrator,Node.js,1,0
Database Administrator,NumPy,1,0
Database Administrator,Oracle,4,2
Database Administrator,Pandas,1,0
Database Administrator,Power BI,1,0
Database Administrator,Python,4,2
Database Administrator,React,1,0
Database Administrator,SQL,5,2
Database Administrator,Selenium,1,0
Database Administrator,Statistics,1,0
Database Administrator,TensorFlow,1,0
Database Administrator,Testing,1,0
Database Administrator,UI/UX,1,0
QA Engineer,AWS,1,0
QA Engineer,Business Analysis,1,0
QA Engineer,C++,1,0
QA Engineer,CSS,1,0
QA Engineer,Communication,1,0
QA Engineer,Cybersecurity,1,0
QA Engineer,DSA,1,0
QA Engineer,Database Management,1,0
QA Engineer,Docker,1,0
QA Engineer,Excel,1,0
QA Engineer,Figma,1,0
QA Engineer,Git,4,2
QA Engineer,HTML,1,0
QA Engineer,Java,5,2
QA Engineer,JavaScript,1,0
QA Engineer,Kubernetes,1,0
QA Engineer,Linux,1,0
QA Engineer,Machine Learning,1,0
QA Engineer,MySQL,1,0
QA Engineer,Networking,1,0
QA Engineer,Node.js,1,0
QA Engineer,NumPy,1,0
QA Engineer,Oracle,1,0
QA Engineer,Pandas,1,0
QA Engineer,Power BI,1,0
QA Engineer,Python,4,2
QA Engineer,React,1,0
QA Engineer,SQL,4,2
QA Engineer,Selenium,5,2
QA Engineer,Statistics,1,0
QA Engineer,TensorFlow,1,0
QA Engineer,Testing,4,2
QA Engineer,UI/UX,1,0
Business Analyst,AWS,1,0
Business Analyst,Business Analysis,4,2
Business Analyst,C++,1,0
Business Analyst,CSS,1,0
Business Analyst,Communication,4,2
Business Analyst,Cybersecurity,1,0
Business Analyst,DSA,1,0
Business Analyst,Database Management,1,0
Business Analyst,Docker,1,0
Business Analyst,Excel,5,2
Business Analyst,Figma,1,0
Business Analyst,Git,1,0
Business Analyst,HTML,1,0
Business Analyst,Java,1,0
Business Analyst,JavaScript,1,0
Business Analyst,Kubernetes,1,0
Business Analyst,Linux,1,0
Business Analyst,Machine Learning,1,0
Business Analyst,MySQL,1,0
Business Analyst,Networking,1,0
Business Analyst,Node.js,1,0
Business Analyst,NumPy,1,0
Business Analyst,Oracle,1,0
Business Analyst,Pandas,1,0
Business Analyst,Power BI,4,2
Business Analyst,Python,1,0
Business Analyst,React,1,0
Business Analyst,SQL,5,2
Business Analyst,Selenium,1,0
Business Analyst,Statistics,4,2
Business Analyst,TensorFlow,1,0
Business Analyst,Testing,1,0
Business Analyst,UI/UX,1,0
